<?xml version="1.0" encoding="UTF-8"?>
<project-private xmlns="http://www.netbeans.org/ns/project-private/1">
    <editor-bookmarks xmlns="http://www.netbeans.org/ns/editor-bookmarks/2" lastBookmarkId="2">
        <file>
            <url>src/P01_KershawKyler/P01_KershawKyler.java</url>
            <bookmark id="2">
                <name/>
                <line>118</line>
                <key/>
            </bookmark>
            <bookmark id="1">
                <name/>
                <line>143</line>
                <key/>
            </bookmark>
        </file>
    </editor-bookmarks>
    <open-files xmlns="http://www.netbeans.org/ns/projectui-open-files/2">
        <group>
            <file>file:/E:/Semester_04/01_Advanvced_Java/InClass_Java/P01_KershawKyler/CelsiusFahrenheitFahrenheitCelsius/src/P01_KershawKyler/P01_KershawKyler.java</file>
        </group>
    </open-files>
</project-private>
